hostname,name,href,app,env,loc,os,role,managed,interfaces,public_ip,machine_authentication_id,ip_with_default_gw,netmask_of_ip_with_def_gw,default_gw,default_gw_network,spn,description,enforcement,visibility,online,agent_status,agent_health,security_policy_sync_state,security_policy_applied_at,security_policy_received_at,security_policy_refresh_at,last_heartbeat_on,hours_since_last_heartbeat,created_at,os_id,os_detail,ven_href,agent_version,agent_id,active_pce_fqdn,service_provider,data_center,data_center_zone,cloud_instance_id,external_data_set,external_data_reference
pospcifrankfurtdb1,,/orgs/1/workloads/df485569-09d9-412d-95a7-8a060dd3c33b,POS,PCI,Frankfurt,,DB,TRUE,eth0:172.16.3.24/24,172.16.3.9,,172.16.3.24,255.255.255.0,172.16.3.1,172.16.3.0/24,,,visibility_only,blocked_allowed,TRUE,active,NA,applied,2023-01-31T19:49:11.499364Z,2023-01-31T19:49:11.499364Z,2023-01-31T19:49:11.499364Z,2023-01-31T19:49:11.260765Z,0.013786,2023-01-05T00:49:10.989567Z,centos-x86_64-7.0,3.10.0-1160.80.1.el7.x86_64 #1 SMP Tue Nov 8 15:48:59 UTC 2022 (CentOS Linux release 7.9.2009 (Core)),/orgs/1/vens/df485569-09d9-412d-95a7-8a060dd3c33b,22.2.0-8960,33,illumio-pce-11.talabs.net,,,,NA,,
pospcicadb2,,/orgs/1/workloads/975e5f0f-dbd7-4a70-ac94-712a40376a23,POS,PCI,CA,,DB,TRUE,eth0:172.16.3.25/24,172.16.3.9,,172.16.3.25,255.255.255.0,172.16.3.1,172.16.3.0/24,,,visibility_only,blocked_allowed,TRUE,active,NA,applied,2023-01-31T19:49:11.789937Z,2023-01-31T19:49:11.789937Z,2023-01-31T19:49:11.789937Z,2023-01-31T19:49:11.564746Z,0.013702,2023-01-05T00:49:12.570298Z,centos-x86_64-7.0,3.10.0-1160.80.1.el7.x86_64 #1 SMP Tue Nov 8 15:48:59 UTC 2022 (CentOS Linux release 7.9.2009 (Core)),/orgs/1/vens/975e5f0f-dbd7-4a70-ac94-712a40376a23,22.2.0-8960,34,illumio-pce-11.talabs.net,,,,NA,,
pospcifrankfurtdb2,,/orgs/1/workloads/766f8618-4fc2-437d-bf7e-62648f8850b9,POS,PCI,Frankfurt,,DB,TRUE,eth0:172.16.3.26/24,172.16.3.9,,172.16.3.26,255.255.255.0,172.16.3.1,172.16.3.0/24,,,visibility_only,blocked_allowed,TRUE,active,NA,applied,2023-01-31T19:49:12.055495Z,2023-01-31T19:49:12.055495Z,2023-01-31T19:49:12.055495Z,2023-01-31T19:49:11.844751Z,0.013624,2023-01-05T00:49:13.682487Z,centos-x86_64-7.0,3.10.0-1160.80.1.el7.x86_64 #1 SMP Tue Nov 8 15:48:59 UTC 2022 (CentOS Linux release 7.9.2009 (Core)),/orgs/1/vens/766f8618-4fc2-437d-bf7e-62648f8850b9,22.2.0-8960,35,illumio-pce-11.talabs.net,,,,NA,,
pospcicaproc1,,/orgs/1/workloads/0ca5874a-7df8-4c1b-bac8-efe38e608cb0,POS,PCI,CA,,Proc,TRUE,eth0:172.16.3.27/24,172.16.3.9,,172.16.3.27,255.255.255.0,172.16.3.1,172.16.3.0/24,,,visibility_only,blocked_allowed,TRUE,active,NA,applied,2023-01-31T19:49:12.323096Z,2023-01-31T19:49:12.323096Z,2023-01-31T19:49:12.323096Z,2023-01-31T19:49:12.119511Z,0.013548,2023-01-05T00:49:14.994527Z,centos-x86_64-7.0,3.10.0-1160.80.1.el7.x86_64 #1 SMP Tue Nov 8 15:48:59 UTC 2022 (CentOS Linux release 7.9.2009 (Core)),/orgs/1/vens/0ca5874a-7df8-4c1b-bac8-efe38e608cb0,22.2.0-8960,36,illumio-pce-11.talabs.net,,,,NA,,
pospcifrankfurtproc1,,/orgs/1/workloads/57c6a7b3-e27f-4f57-ba65-bb4f43ba2ef4,POS,PCI,Frankfurt,,Proc,TRUE,eth0:172.16.3.28/24,172.16.3.9,,172.16.3.28,255.255.255.0,172.16.3.1,172.16.3.0/24,,,visibility_only,blocked_allowed,TRUE,active,NA,applied,2023-01-31T19:49:12.589326Z,2023-01-31T19:49:12.589326Z,2023-01-31T19:49:12.589326Z,2023-01-31T19:49:12.384922Z,0.013474,2023-01-05T00:49:16.131864Z,centos-x86_64-7.0,3.10.0-1160.80.1.el7.x86_64 #1 SMP Tue Nov 8 15:48:59 UTC 2022 (CentOS Linux release 7.9.2009 (Core)),/orgs/1/vens/57c6a7b3-e27f-4f57-ba65-bb4f43ba2ef4,22.2.0-8960,37,illumio-pce-11.talabs.net,,,,NA,,
pospcicaproc2,,/orgs/1/workloads/9f442a7b-2d27-483c-979f-e3c187ecd92f,POS,PCI,CA,,Proc,TRUE,eth0:172.16.3.29/24,172.16.3.9,,172.16.3.29,255.255.255.0,172.16.3.1,172.16.3.0/24,,,visibility_only,blocked_allowed,TRUE,active,NA,applied,2023-01-31T19:49:12.888510Z,2023-01-31T19:49:12.888510Z,2023-01-31T19:49:12.888510Z,2023-01-31T19:49:12.646756Z,0.013401,2023-01-05T00:49:17.195600Z,centos-x86_64-7.0,3.10.0-1160.80.1.el7.x86_64 #1 SMP Tue Nov 8 15:48:59 UTC 2022 (CentOS Linux release 7.9.2009 (Core)),/orgs/1/vens/9f442a7b-2d27-483c-979f-e3c187ecd92f,22.2.0-8960,38,illumio-pce-11.talabs.net,,,,NA,,
pospcifrankfurtproc2,,/orgs/1/workloads/7d9a31e7-a843-4225-b64c-7385b34fe63a,POS,PCI,Frankfurt,,Proc,TRUE,eth0:172.16.3.30/24,172.16.3.9,,172.16.3.30,255.255.255.0,172.16.3.1,172.16.3.0/24,,,visibility_only,blocked_allowed,TRUE,active,NA,applied,2023-01-31T19:49:13.163924Z,2023-01-31T19:49:13.163924Z,2023-01-31T19:49:13.163924Z,2023-01-31T19:49:12.947397Z,0.013318,2023-01-05T00:49:18.323288Z,centos-x86_64-7.0,3.10.0-1160.80.1.el7.x86_64 #1 SMP Tue Nov 8 15:48:59 UTC 2022 (CentOS Linux release 7.9.2009 (Core)),/orgs/1/vens/7d9a31e7-a843-4225-b64c-7385b34fe63a,22.2.0-8960,39,illumio-pce-11.talabs.net,,,,NA,,
pospcicaproc3,,/orgs/1/workloads/4e9b00f3-5a5a-413d-a422-b067a21a9d6a,POS,PCI,CA,,Proc,TRUE,eth0:172.16.3.31/24,172.16.3.9,,172.16.3.31,255.255.255.0,172.16.3.1,172.16.3.0/24,,,visibility_only,blocked_allowed,TRUE,active,NA,applied,2023-01-31T19:49:13.405672Z,2023-01-31T19:49:13.405672Z,2023-01-31T19:49:13.405672Z,2023-01-31T19:49:13.215703Z,0.013243,2023-01-05T00:49:19.502071Z,centos-x86_64-7.0,3.10.0-1160.80.1.el7.x86_64 #1 SMP Tue Nov 8 15:48:59 UTC 2022 (CentOS Linux release 7.9.2009 (Core)),/orgs/1/vens/4e9b00f3-5a5a-413d-a422-b067a21a9d6a,22.2.0-8960,40,illumio-pce-11.talabs.net,,,,NA,,
pospcifrankfurtproc3,,/orgs/1/workloads/fff7c75a-a376-44a0-8594-8aaba868fffd,POS,PCI,Frankfurt,,Proc,TRUE,eth0:172.16.3.32/24,172.16.3.9,,172.16.3.32,255.255.255.0,172.16.3.1,172.16.3.0/24,,,visibility_only,blocked_allowed,TRUE,active,NA,applied,2023-01-31T19:49:13.653433Z,2023-01-31T19:49:13.653433Z,2023-01-31T19:49:13.653433Z,2023-01-31T19:49:13.462871Z,0.013175,2023-01-05T00:49:20.805768Z,centos-x86_64-7.0,3.10.0-1160.80.1.el7.x86_64 #1 SMP Tue Nov 8 15:48:59 UTC 2022 (CentOS Linux release 7.9.2009 (Core)),/orgs/1/vens/fff7c75a-a376-44a0-8594-8aaba868fffd,22.2.0-8960,41,illumio-pce-11.talabs.net,,,,NA,,
pospcicaweb1,,/orgs/1/workloads/21f2fe1e-af77-46b7-976c-84389dd6721f,POS,PCI,CA,,Web,TRUE,eth0:172.16.3.33/24,172.16.3.9,,172.16.3.33,255.255.255.0,172.16.3.1,172.16.3.0/24,,,visibility_only,blocked_allowed,TRUE,active,NA,applied,2023-01-31T19:49:13.977482Z,2023-01-31T19:49:13.977482Z,2023-01-31T19:49:13.977482Z,2023-01-31T19:49:13.750507Z,0.013095,2023-01-05T00:49:21.975381Z,centos-x86_64-7.0,3.10.0-1160.80.1.el7.x86_64 #1 SMP Tue Nov 8 15:48:59 UTC 2022 (CentOS Linux release 7.9.2009 (Core)),/orgs/1/vens/21f2fe1e-af77-46b7-976c-84389dd6721f,22.2.0-8960,42,illumio-pce-11.talabs.net,,,,NA,,
pospcicaweb2,,/orgs/1/workloads/09987470-d159-481c-b3a9-24ea31413859,POS,PCI,CA,,Web,TRUE,eth0:172.16.3.35/24,172.16.3.9,,172.16.3.35,255.255.255.0,172.16.3.1,172.16.3.0/24,,,visibility_only,blocked_allowed,TRUE,active,NA,applied,2023-01-31T19:49:14.451746Z,2023-01-31T19:49:14.451746Z,2023-01-31T19:49:14.451746Z,2023-01-31T19:49:14.257775Z,0.012954,2023-01-05T00:49:24.228915Z,centos-x86_64-7.0,3.10.0-1160.80.1.el7.x86_64 #1 SMP Tue Nov 8 15:48:59 UTC 2022 (CentOS Linux release 7.9.2009 (Core)),/orgs/1/vens/09987470-d159-481c-b3a9-24ea31413859,22.2.0-8960,44,illumio-pce-11.talabs.net,,,,NA,,
pospcifrankfurtweb2,,/orgs/1/workloads/d3642e93-2b76-4fd8-b7e9-9ff8f0c6bced,POS,PCI,Frankfurt,,Web,TRUE,eth0:172.16.3.36/24,172.16.3.9,,172.16.3.36,255.255.255.0,172.16.3.1,172.16.3.0/24,,,visibility_only,blocked_allowed,TRUE,active,NA,applied,2023-01-31T19:49:14.743728Z,2023-01-31T19:49:14.743728Z,2023-01-31T19:49:14.743728Z,2023-01-31T19:49:14.513721Z,0.012883,2023-01-05T00:49:25.466426Z,centos-x86_64-7.0,3.10.0-1160.80.1.el7.x86_64 #1 SMP Tue Nov 8 15:48:59 UTC 2022 (CentOS Linux release 7.9.2009 (Core)),/orgs/1/vens/d3642e93-2b76-4fd8-b7e9-9ff8f0c6bced,22.2.0-8960,45,illumio-pce-11.talabs.net,,,,NA,,
financeprodcaweb1,,/orgs/1/workloads/1110a295-8651-4ec2-bf7e-a1288a91f974,Finance,Prod,CA,,Web,TRUE,eth0:172.16.3.37/24,172.16.3.9,,172.16.3.37,255.255.255.0,172.16.3.1,172.16.3.0/24,,,visibility_only,blocked_allowed,TRUE,active,NA,applied,2023-01-31T19:49:14.995876Z,2023-01-31T19:49:14.995876Z,2023-01-31T19:49:14.995876Z,2023-01-31T19:49:14.797971Z,0.012804,2023-01-05T00:49:26.703852Z,centos-x86_64-7.0,3.10.0-1160.80.1.el7.x86_64 #1 SMP Tue Nov 8 15:48:59 UTC 2022 (CentOS Linux release 7.9.2009 (Core)),/orgs/1/vens/1110a295-8651-4ec2-bf7e-a1288a91f974,22.2.0-8960,46,illumio-pce-11.talabs.net,,,,NA,,
financeprodcaweb2,,/orgs/1/workloads/b51b352c-285e-436e-9b78-4c971fdcc5b1,Finance,Prod,CA,,Web,TRUE,eth0:172.16.3.38/24,172.16.3.9,,172.16.3.38,255.255.255.0,172.16.3.1,172.16.3.0/24,,,visibility_only,blocked_allowed,TRUE,active,NA,applied,2023-01-31T19:49:15.284823Z,2023-01-31T19:49:15.284823Z,2023-01-31T19:49:15.284823Z,2023-01-31T19:49:15.073892Z,0.012727,2023-01-05T00:49:27.952731Z,centos-x86_64-7.0,3.10.0-1160.80.1.el7.x86_64 #1 SMP Tue Nov 8 15:48:59 UTC 2022 (CentOS Linux release 7.9.2009 (Core)),/orgs/1/vens/b51b352c-285e-436e-9b78-4c971fdcc5b1,22.2.0-8960,47,illumio-pce-11.talabs.net,,,,NA,,
financeprodcaweb3,,/orgs/1/workloads/8171ebac-a013-4ebf-a253-f87d05c3114c,Finance,Prod,CA,,Web,TRUE,eth0:172.16.3.39/24,172.16.3.9,,172.16.3.39,255.255.255.0,172.16.3.1,172.16.3.0/24,,,visibility_only,blocked_allowed,TRUE,active,NA,applied,2023-01-31T19:49:15.537631Z,2023-01-31T19:49:15.537631Z,2023-01-31T19:49:15.537631Z,2023-01-31T19:49:15.342110Z,0.012653,2023-01-05T00:49:29.121942Z,centos-x86_64-7.0,3.10.0-1160.80.1.el7.x86_64 #1 SMP Tue Nov 8 15:48:59 UTC 2022 (CentOS Linux release 7.9.2009 (Core)),/orgs/1/vens/8171ebac-a013-4ebf-a253-f87d05c3114c,22.2.0-8960,48,illumio-pce-11.talabs.net,,,,NA,,
financeprodcaproc1,,/orgs/1/workloads/94bb0b68-df1d-47f5-b07f-75d25d7b6f0f,Finance,Prod,CA,,Proc,TRUE,eth0:172.16.3.40/24,172.16.3.9,,172.16.3.40,255.255.255.0,172.16.3.1,172.16.3.0/24,,,visibility_only,blocked_allowed,TRUE,active,NA,applied,2023-01-31T19:49:15.794324Z,2023-01-31T19:49:15.794324Z,2023-01-31T19:49:15.794324Z,2023-01-31T19:49:15.591221Z,0.012583,2023-01-05T00:49:30.324715Z,centos-x86_64-7.0,3.10.0-1160.80.1.el7.x86_64 #1 SMP Tue Nov 8 15:48:59 UTC 2022 (CentOS Linux release 7.9.2009 (Core)),/orgs/1/vens/94bb0b68-df1d-47f5-b07f-75d25d7b6f0f,22.2.0-8960,49,illumio-pce-11.talabs.net,,,,NA,,
financeprodcaproc2,,/orgs/1/workloads/b0d482df-fa6f-4d84-8a0f-bfb2936d480d,Finance,Prod,CA,,Proc,TRUE,eth0:172.16.3.41/24,172.16.3.9,,172.16.3.41,255.255.255.0,172.16.3.1,172.16.3.0/24,,,visibility_only,blocked_allowed,TRUE,active,NA,applied,2023-01-31T19:49:16.049540Z,2023-01-31T19:49:16.049540Z,2023-01-31T19:49:16.049540Z,2023-01-31T19:49:15.856550Z,0.01251,2023-01-05T00:49:31.432074Z,centos-x86_64-7.0,3.10.0-1160.80.1.el7.x86_64 #1 SMP Tue Nov 8 15:48:59 UTC 2022 (CentOS Linux release 7.9.2009 (Core)),/orgs/1/vens/b0d482df-fa6f-4d84-8a0f-bfb2936d480d,22.2.0-8960,50,illumio-pce-11.talabs.net,,,,NA,,
financeprodcaproc3,,/orgs/1/workloads/9eb62c2a-ddbb-4536-9991-b5312fa4e040,Finance,Prod,CA,,Proc,TRUE,eth0:172.16.3.42/24,172.16.3.9,,172.16.3.42,255.255.255.0,172.16.3.1,172.16.3.0/24,,,visibility_only,blocked_allowed,TRUE,active,NA,applied,2023-01-31T19:49:16.282049Z,2023-01-31T19:49:16.282049Z,2023-01-31T19:49:16.282049Z,2023-01-31T19:49:16.107668Z,0.01244,2023-01-05T00:49:32.620479Z,centos-x86_64-7.0,3.10.0-1160.80.1.el7.x86_64 #1 SMP Tue Nov 8 15:48:59 UTC 2022 (CentOS Linux release 7.9.2009 (Core)),/orgs/1/vens/9eb62c2a-ddbb-4536-9991-b5312fa4e040,22.2.0-8960,51,illumio-pce-11.talabs.net,,,,NA,,
financeprodcadb1,,/orgs/1/workloads/f590e39e-bd97-464e-8a98-302d05bdd7ba,Finance,Prod,CA,,DB,TRUE,eth0:172.16.3.43/24,172.16.3.9,,172.16.3.43,255.255.255.0,172.16.3.1,172.16.3.0/24,,,visibility_only,blocked_allowed,TRUE,active,NA,applied,2023-01-31T19:49:16.552509Z,2023-01-31T19:49:16.552509Z,2023-01-31T19:49:16.552509Z,2023-01-31T19:49:16.342218Z,0.012375,2023-01-05T00:49:33.797987Z,centos-x86_64-7.0,3.10.0-1160.80.1.el7.x86_64 #1 SMP Tue Nov 8 15:48:59 UTC 2022 (CentOS Linux release 7.9.2009 (Core)),/orgs/1/vens/f590e39e-bd97-464e-8a98-302d05bdd7ba,22.2.0-8960,52,illumio-pce-11.talabs.net,,,,NA,,
financeprodcadb2,,/orgs/1/workloads/ebc4a7ae-2e04-4e49-ac63-8b8acc6d9441,Finance,Prod,CA,,DB,TRUE,eth0:172.16.3.44/24,172.16.3.9,,172.16.3.44,255.255.255.0,172.16.3.1,172.16.3.0/24,,,visibility_only,blocked_allowed,TRUE,active,NA,applied,2023-01-31T19:49:16.859144Z,2023-01-31T19:49:16.859144Z,2023-01-31T19:49:16.859144Z,2023-01-31T19:49:16.602254Z,0.012303,2023-01-05T00:49:34.961355Z,centos-x86_64-7.0,3.10.0-1160.80.1.el7.x86_64 #1 SMP Tue Nov 8 15:48:59 UTC 2022 (CentOS Linux release 7.9.2009 (Core)),/orgs/1/vens/ebc4a7ae-2e04-4e49-ac63-8b8acc6d9441,22.2.0-8960,53,illumio-pce-11.talabs.net,,,,NA,,
crmprodcaweb1,,/orgs/1/workloads/cfbddf35-188a-4b8f-a85e-d336c4f0f70a,CRM,Prod,CA,,Web,TRUE,eth0:172.16.3.46/24,172.16.3.9,,172.16.3.46,255.255.255.0,172.16.3.1,172.16.3.0/24,,,visibility_only,blocked_allowed,TRUE,active,NA,applied,2023-01-31T19:49:17.389301Z,2023-01-31T19:49:17.389301Z,2023-01-31T19:49:17.389301Z,2023-01-31T19:49:17.263865Z,0.012119,2023-01-05T00:49:37.250607Z,centos-x86_64-7.0,3.10.0-1160.80.1.el7.x86_64 #1 SMP Tue Nov 8 15:48:59 UTC 2022 (CentOS Linux release 7.9.2009 (Core)),/orgs/1/vens/cfbddf35-188a-4b8f-a85e-d336c4f0f70a,22.2.0-8960,55,illumio-pce-11.talabs.net,,,,NA,,
financedevawsweb1,,/orgs/1/workloads/b2b71237-0976-473f-a905-b18f5d7d40d3,Finance,Dev,AWS,,Web,TRUE,eth0:172.16.3.47/24,172.16.3.9,,172.16.3.47,255.255.255.0,172.16.3.1,172.16.3.0/24,,,visibility_only,blocked_allowed,TRUE,active,NA,applied,2023-01-31T19:49:17.648089Z,2023-01-31T19:49:17.648089Z,2023-01-31T19:49:17.648089Z,2023-01-31T19:49:17.432598Z,0.012072,2023-01-05T00:49:38.472981Z,centos-x86_64-7.0,3.10.0-1160.80.1.el7.x86_64 #1 SMP Tue Nov 8 15:48:59 UTC 2022 (CentOS Linux release 7.9.2009 (Core)),/orgs/1/vens/b2b71237-0976-473f-a905-b18f5d7d40d3,22.2.0-8960,56,illumio-pce-11.talabs.net,,,,NA,,
financedevawsweb2,,/orgs/1/workloads/4b5d3cac-3cd0-45d4-821b-734ae699b5b7,Finance,Dev,AWS,,Web,TRUE,eth0:172.16.3.48/24,172.16.3.9,,172.16.3.48,255.255.255.0,172.16.3.1,172.16.3.0/24,,,visibility_only,blocked_allowed,TRUE,active,NA,applied,2023-01-31T19:49:17.895668Z,2023-01-31T19:49:17.895668Z,2023-01-31T19:49:17.895668Z,2023-01-31T19:49:17.742670Z,0.011986,2023-01-05T00:49:39.726906Z,centos-x86_64-7.0,3.10.0-1160.80.1.el7.x86_64 #1 SMP Tue Nov 8 15:48:59 UTC 2022 (CentOS Linux release 7.9.2009 (Core)),/orgs/1/vens/4b5d3cac-3cd0-45d4-821b-734ae699b5b7,22.2.0-8960,57,illumio-pce-11.talabs.net,,,,NA,,
financedevawsweb3,,/orgs/1/workloads/a656f8c4-87ad-4918-ae63-ca14e526b280,Finance,Dev,AWS,,Web,TRUE,eth0:172.16.3.49/24,172.16.3.9,,172.16.3.49,255.255.255.0,172.16.3.1,172.16.3.0/24,,,visibility_only,blocked_allowed,TRUE,active,NA,applied,2023-01-31T19:49:18.144484Z,2023-01-31T19:49:18.144484Z,2023-01-31T19:49:18.144484Z,2023-01-31T19:49:17.950601Z,0.011928,2023-01-05T00:49:40.932028Z,centos-x86_64-7.0,3.10.0-1160.80.1.el7.x86_64 #1 SMP Tue Nov 8 15:48:59 UTC 2022 (CentOS Linux release 7.9.2009 (Core)),/orgs/1/vens/a656f8c4-87ad-4918-ae63-ca14e526b280,22.2.0-8960,58,illumio-pce-11.talabs.net,,,,NA,,
financedevawsproc1,,/orgs/1/workloads/d440692b-3d30-4da4-aead-f174353b32e5,Finance,Dev,AWS,,Proc,TRUE,eth0:172.16.3.50/24,172.16.3.9,,172.16.3.50,255.255.255.0,172.16.3.1,172.16.3.0/24,,,visibility_only,blocked_allowed,TRUE,active,NA,applied,2023-01-31T19:49:18.353709Z,2023-01-31T19:49:18.353709Z,2023-01-31T19:49:18.353709Z,2023-01-31T19:49:18.201692Z,0.011858,2023-01-05T00:49:42.109826Z,centos-x86_64-7.0,3.10.0-1160.80.1.el7.x86_64 #1 SMP Tue Nov 8 15:48:59 UTC 2022 (CentOS Linux release 7.9.2009 (Core)),/orgs/1/vens/d440692b-3d30-4da4-aead-f174353b32e5,22.2.0-8960,59,illumio-pce-11.talabs.net,,,,NA,,
financedevawsproc2,,/orgs/1/workloads/8b7092e5-26ad-4a00-a522-3cdb60bc57c0,Finance,Dev,AWS,,Proc,TRUE,eth0:172.16.3.51/24,172.16.3.9,,172.16.3.51,255.255.255.0,172.16.3.1,172.16.3.0/24,,,visibility_only,blocked_allowed,TRUE,active,NA,applied,2023-01-31T19:49:18.500190Z,2023-01-31T19:49:18.500190Z,2023-01-31T19:49:18.500190Z,2023-01-31T19:49:18.387695Z,0.011807,2023-01-05T00:49:43.259818Z,centos-x86_64-7.0,3.10.0-1160.80.1.el7.x86_64 #1 SMP Tue Nov 8 15:48:59 UTC 2022 (CentOS Linux release 7.9.2009 (Core)),/orgs/1/vens/8b7092e5-26ad-4a00-a522-3cdb60bc57c0,22.2.0-8960,60,illumio-pce-11.talabs.net,,,,NA,,
financedevawsproc3,,/orgs/1/workloads/fa2a6b07-cacc-4cba-b33b-71461ee7a8be,Finance,Dev,AWS,,Proc,TRUE,eth0:172.16.3.52/24,172.16.3.9,,172.16.3.52,255.255.255.0,172.16.3.1,172.16.3.0/24,,,visibility_only,blocked_allowed,TRUE,active,NA,applied,2023-01-31T19:49:18.680173Z,2023-01-31T19:49:18.680173Z,2023-01-31T19:49:18.680173Z,2023-01-31T19:49:18.542790Z,0.011764,2023-01-05T00:49:44.464302Z,centos-x86_64-7.0,3.10.0-1160.80.1.el7.x86_64 #1 SMP Tue Nov 8 15:48:59 UTC 2022 (CentOS Linux release 7.9.2009 (Core)),/orgs/1/vens/fa2a6b07-cacc-4cba-b33b-71461ee7a8be,22.2.0-8960,61,illumio-pce-11.talabs.net,,,,NA,,
financedevawsdb1,,/orgs/1/workloads/7e2f43d1-7e5c-49a7-b6de-0d5625778d65,Finance,Dev,AWS,,DB,TRUE,eth0:172.16.3.53/24,172.16.3.9,,172.16.3.53,255.255.255.0,172.16.3.1,172.16.3.0/24,,,visibility_only,blocked_allowed,TRUE,active,NA,applied,2023-01-31T19:49:18.925983Z,2023-01-31T19:49:18.925983Z,2023-01-31T19:49:18.925983Z,2023-01-31T19:49:18.752265Z,0.011705,2023-01-05T00:49:45.617404Z,centos-x86_64-7.0,3.10.0-1160.80.1.el7.x86_64 #1 SMP Tue Nov 8 15:48:59 UTC 2022 (CentOS Linux release 7.9.2009 (Core)),/orgs/1/vens/7e2f43d1-7e5c-49a7-b6de-0d5625778d65,22.2.0-8960,62,illumio-pce-11.talabs.net,,,,NA,,
financedevawsdb2,,/orgs/1/workloads/fd27a0f7-ee42-49cb-9123-09e3ac35c9c6,Finance,Dev,AWS,,DB,TRUE,eth0:172.16.3.54/24,172.16.3.9,,172.16.3.54,255.255.255.0,172.16.3.1,172.16.3.0/24,,,visibility_only,blocked_allowed,TRUE,active,NA,applied,2023-01-31T19:49:19.143825Z,2023-01-31T19:49:19.143825Z,2023-01-31T19:49:19.143825Z,2023-01-31T19:49:18.972458Z,0.011644,2023-01-05T00:49:46.737124Z,centos-x86_64-7.0,3.10.0-1160.80.1.el7.x86_64 #1 SMP Tue Nov 8 15:48:59 UTC 2022 (CentOS Linux release 7.9.2009 (Core)),/orgs/1/vens/fd27a0f7-ee42-49cb-9123-09e3ac35c9c6,22.2.0-8960,63,illumio-pce-11.talabs.net,,,,NA,,
coresvcsprodcadns1,,/orgs/1/workloads/cc9da3d2-824c-413c-8931-18a5bbd3e24f,CoreSvcs,Prod,CA,,DNS,TRUE,eth0:172.16.3.55/24,172.16.3.9,,172.16.3.55,255.255.255.0,172.16.3.1,172.16.3.0/24,,,visibility_only,blocked_allowed,TRUE,active,NA,syncing,2023-01-31T19:49:19.419938Z,2023-01-31T19:49:19.419938Z,2023-01-31T19:49:19.419938Z,2023-01-31T19:49:19.210100Z,0.011578,2023-01-05T00:49:47.907712Z,centos-x86_64-7.0,3.10.0-1160.80.1.el7.x86_64 #1 SMP Tue Nov 8 15:48:59 UTC 2022 (CentOS Linux release 7.9.2009 (Core)),/orgs/1/vens/cc9da3d2-824c-413c-8931-18a5bbd3e24f,22.2.0-8960,64,illumio-pce-11.talabs.net,,,,NA,,
itprodcajump1,,/orgs/1/workloads/5528a7f3-7f4b-45fb-8923-2dc2d7cc067b,IT,Prod,CA,,Jump,TRUE,eth0:172.16.3.56/24,172.16.3.9,,172.16.3.56,255.255.255.0,172.16.3.1,172.16.3.0/24,,,visibility_only,blocked_allowed,TRUE,active,NA,applied,2023-01-31T19:49:19.673611Z,2023-01-31T19:49:19.673611Z,2023-01-31T19:49:19.673611Z,2023-01-31T19:49:19.474820Z,0.011505,2023-01-05T00:49:49.133219Z,centos-x86_64-7.0,3.10.0-1160.80.1.el7.x86_64 #1 SMP Tue Nov 8 15:48:59 UTC 2022 (CentOS Linux release 7.9.2009 (Core)),/orgs/1/vens/5528a7f3-7f4b-45fb-8923-2dc2d7cc067b,22.2.0-8960,65,illumio-pce-11.talabs.net,,,,NA,,
coresvcsprodcantp1,,/orgs/1/workloads/3792cbe7-9d48-4456-80c7-1e052a5a0a72,CoreSvcs,Prod,CA,,NTP,TRUE,eth0:172.16.3.57/24,172.16.3.9,,172.16.3.57,255.255.255.0,172.16.3.1,172.16.3.0/24,,,visibility_only,blocked_allowed,TRUE,active,NA,syncing,2023-01-31T19:49:19.925018Z,2023-01-31T19:49:19.925018Z,2023-01-31T19:49:19.925018Z,2023-01-31T19:49:19.754485Z,0.011427,2023-01-05T00:49:50.284629Z,centos-x86_64-7.0,3.10.0-1160.80.1.el7.x86_64 #1 SMP Tue Nov 8 15:48:59 UTC 2022 (CentOS Linux release 7.9.2009 (Core)),/orgs/1/vens/3792cbe7-9d48-4456-80c7-1e052a5a0a72,22.2.0-8960,66,illumio-pce-11.talabs.net,,,,NA,,
ticketsprodazuredb1,,/orgs/1/workloads/30b055b9-302b-433b-8a39-afb2a075fb4d,Tickets,Prod,Azure,,DB,TRUE,eth0:172.16.3.58/24,172.16.3.9,,172.16.3.58,255.255.255.0,172.16.3.1,172.16.3.0/24,,,visibility_only,blocked_allowed,TRUE,active,NA,applied,2023-01-31T19:49:20.177680Z,2023-01-31T19:49:20.177680Z,2023-01-31T19:49:20.177680Z,2023-01-31T19:49:19.980046Z,0.011364,2023-01-05T00:49:51.352509Z,centos-x86_64-7.0,3.10.0-1160.80.1.el7.x86_64 #1 SMP Tue Nov 8 15:48:59 UTC 2022 (CentOS Linux release 7.9.2009 (Core)),/orgs/1/vens/30b055b9-302b-433b-8a39-afb2a075fb4d,22.2.0-8960,67,illumio-pce-11.talabs.net,,,,NA,,
ticketsprodazureweb1,,/orgs/1/workloads/320a2067-bdb1-46fa-9b8f-51c645554260,Tickets,Prod,Azure,,Web,TRUE,eth0:172.16.3.59/24,172.16.3.9,,172.16.3.59,255.255.255.0,172.16.3.1,172.16.3.0/24,,,visibility_only,blocked_allowed,TRUE,active,NA,applied,2023-01-31T19:49:20.490244Z,2023-01-31T19:49:20.490244Z,2023-01-31T19:49:20.490244Z,2023-01-31T19:49:20.293907Z,0.011277,2023-01-05T00:49:52.639529Z,centos-x86_64-7.0,3.10.0-1160.80.1.el7.x86_64 #1 SMP Tue Nov 8 15:48:59 UTC 2022 (CentOS Linux release 7.9.2009 (Core)),/orgs/1/vens/320a2067-bdb1-46fa-9b8f-51c645554260,22.2.0-8960,68,illumio-pce-11.talabs.net,,,,NA,,
usersprodsingaporeuserdesk1,,/orgs/1/workloads/8e1ab0a1-3cfa-4424-8dc8-3952e112b195,Users,Prod,Singapore,,UserDesk,TRUE,eth0:172.16.3.60/24,172.16.3.9,,172.16.3.60,255.255.255.0,172.16.3.1,172.16.3.0/24,,,visibility_only,blocked_allowed,TRUE,active,NA,applied,2023-01-31T19:49:20.740914Z,2023-01-31T19:49:20.740914Z,2023-01-31T19:49:20.740914Z,2023-01-31T19:49:20.533871Z,0.01121,2023-01-05T00:49:53.868087Z,centos-x86_64-7.0,3.10.0-1160.80.1.el7.x86_64 #1 SMP Tue Nov 8 15:48:59 UTC 2022 (CentOS Linux release 7.9.2009 (Core)),/orgs/1/vens/8e1ab0a1-3cfa-4424-8dc8-3952e112b195,22.2.0-8960,69,illumio-pce-11.talabs.net,,,,NA,,
usersprodsingaporeuserdesk2,,/orgs/1/workloads/f48414a4-2435-49e3-9f53-cb32a1a3ae47,Users,Prod,Singapore,,UserDesk,TRUE,eth0:172.16.3.61/24,172.16.3.9,,172.16.3.61,255.255.255.0,172.16.3.1,172.16.3.0/24,,,visibility_only,blocked_allowed,TRUE,active,NA,applied,2023-01-31T19:49:21.005917Z,2023-01-31T19:49:21.005917Z,2023-01-31T19:49:21.005917Z,2023-01-31T19:49:20.856998Z,0.011121,2023-01-05T00:49:55.057983Z,centos-x86_64-7.0,3.10.0-1160.80.1.el7.x86_64 #1 SMP Tue Nov 8 15:48:59 UTC 2022 (CentOS Linux release 7.9.2009 (Core)),/orgs/1/vens/f48414a4-2435-49e3-9f53-cb32a1a3ae47,22.2.0-8960,70,illumio-pce-11.talabs.net,,,,NA,,
usersprodsingaporeuserdesk3,,/orgs/1/workloads/90047e37-fa8d-4e76-873c-a2b6b3024d3d,Users,Prod,Singapore,,UserDesk,TRUE,eth0:172.16.3.62/24,172.16.3.9,,172.16.3.62,255.255.255.0,172.16.3.1,172.16.3.0/24,,,visibility_only,blocked_allowed,TRUE,active,NA,applied,2023-01-31T19:49:21.181539Z,2023-01-31T19:49:21.181539Z,2023-01-31T19:49:21.181539Z,2023-01-31T19:49:21.045677Z,0.011068,2023-01-05T00:49:56.251243Z,centos-x86_64-7.0,3.10.0-1160.80.1.el7.x86_64 #1 SMP Tue Nov 8 15:48:59 UTC 2022 (CentOS Linux release 7.9.2009 (Core)),/orgs/1/vens/90047e37-fa8d-4e76-873c-a2b6b3024d3d,22.2.0-8960,71,illumio-pce-11.talabs.net,,,,NA,,
usersprodsingaporeuserdesk4,,/orgs/1/workloads/8c2845f1-25a3-49ce-a032-d57558a7035b,NoApp,NoEnv,NoLoc,,,TRUE,eth0:172.16.3.63/24,172.16.3.9,,172.16.3.63,255.255.255.0,172.16.3.1,172.16.3.0/24,,,visibility_only,blocked_allowed,TRUE,active,NA,applied,2023-01-31T19:49:21.345789Z,2023-01-31T19:49:21.345789Z,2023-01-31T19:49:21.345789Z,2023-01-31T19:49:21.219234Z,0.01102,2023-01-05T00:49:57.399568Z,centos-x86_64-7.0,3.10.0-1160.80.1.el7.x86_64 #1 SMP Tue Nov 8 15:48:59 UTC 2022 (CentOS Linux release 7.9.2009 (Core)),/orgs/1/vens/8c2845f1-25a3-49ce-a032-d57558a7035b,22.2.0-8960,72,illumio-pce-11.talabs.net,,,,NA,,
Win-endpoint-3,,,Users,VDI,Endpoints,Windows,Workstations,TRUE,eth32769:172.16.3.99/24,172.16.3.9,,172.16.3.99,255.255.255.0,172.16.3.1,172.16.3.0/24,,,visibility_only,blocked_allowed,TRUE,active,NA,syncing,2023-01-31T19:49:22.789978Z,2023-01-31T19:49:22.789978Z,2023-01-31T19:49:22.789978Z,2023-01-31T19:49:22.625983Z,0.010629,2023-01-05T00:50:07.126024Z,win-x86_64-client,19041.1.amd64fre.vb_release.191206-1406 (Windows 10 Pro),/orgs/1/vens/85624852-8ef5-4ac6-a51b-70435d546cdb,22.2.0-8960,80,illumio-pce-11.talabs.net,,,,NA,,
Win-endpoint-6,,,Users,VDI,Endpoints,Windows,Workstations,TRUE,eth32769:172.16.3.102/24,172.16.3.9,,172.16.3.102,255.255.255.0,172.16.3.1,172.16.3.0/24,,,visibility_only,blocked_allowed,TRUE,active,NA,syncing,2023-01-31T19:49:23.320224Z,2023-01-31T19:49:23.320224Z,2023-01-31T19:49:23.320224Z,2023-01-31T19:49:23.189132Z,0.010473,2023-01-05T00:50:10.624820Z,win-x86_64-client,19041.1.amd64fre.vb_release.191206-1406 (Windows 10 Pro),/orgs/1/vens/496e2abb-bee5-46a0-be1e-846f0ce281c1,22.2.0-8960,83,illumio-pce-11.talabs.net,,,,NA,,
pospcicadb1,,/orgs/1/workloads/5ae07240-985c-4c56-bcee-b5f21dd1a7ef,POS,PCI,CA,,DB,TRUE,eth0:172.16.3.23/24,172.16.3.9,,172.16.3.23,255.255.255.0,172.16.3.1,172.16.3.0/24,,,visibility_only,blocked_allowed,TRUE,active,NA,applied,2023-01-31T19:49:11.195681Z,2023-01-31T19:49:11.195681Z,2023-01-31T19:49:11.195681Z,2023-01-31T19:49:10.980569Z,0.013864,2023-01-05T00:49:09.430510Z,centos-x86_64-7.0,3.10.0-1160.80.1.el7.x86_64 #1 SMP Tue Nov 8 15:48:59 UTC 2022 (CentOS Linux release 7.9.2009 (Core)),/orgs/1/vens/5ae07240-985c-4c56-bcee-b5f21dd1a7ef,22.2.0-8960,32,illumio-pce-11.talabs.net,,,,NA,,
Win-endpoint-4,,,Users,VDI,Endpoints,Windows,Workstations,TRUE,eth32769:172.16.3.100/24,172.16.3.9,,172.16.3.100,255.255.255.0,172.16.3.1,172.16.3.0/24,,,visibility_only,blocked_allowed,TRUE,active,NA,syncing,2023-01-31T19:49:22.951583Z,2023-01-31T19:49:22.951583Z,2023-01-31T19:49:22.951583Z,2023-01-31T19:49:22.823303Z,0.010575,2023-01-05T00:50:08.490863Z,win-x86_64-client,19041.1.amd64fre.vb_release.191206-1406 (Windows 10 Pro),/orgs/1/vens/00e6ae5e-3e2d-4a8a-9ef6-c5a718f0a87d,22.2.0-8960,81,illumio-pce-11.talabs.net,,,,NA,,
Win-endpoint-5,,,Users,VDI,Endpoints,Windows,Workstations,TRUE,eth32769:172.16.3.101/24,172.16.3.9,,172.16.3.101,255.255.255.0,172.16.3.1,172.16.3.0/24,,,visibility_only,blocked_allowed,TRUE,active,NA,syncing,2023-01-31T19:49:23.145822Z,2023-01-31T19:49:23.145822Z,2023-01-31T19:49:23.145822Z,2023-01-31T19:49:22.993475Z,0.010527,2023-01-05T00:50:09.509054Z,win-x86_64-client,19041.1.amd64fre.vb_release.191206-1406 (Windows 10 Pro),/orgs/1/vens/800526de-f811-4eb7-a120-83f66864a1ec,22.2.0-8960,82,illumio-pce-11.talabs.net,,,,NA,,
Win-endpoint-7,,,Users,Administrators,Endpoints,Windows,Workstations,TRUE,eth32769:172.16.3.103/24,172.16.3.9,,172.16.3.103,255.255.255.0,172.16.3.1,172.16.3.0/24,,,visibility_only,blocked_allowed,TRUE,active,NA,syncing,2023-01-31T19:49:23.502389Z,2023-01-31T19:49:23.502389Z,2023-01-31T19:49:23.502389Z,2023-01-31T19:49:23.369777Z,0.010423,2023-01-05T00:50:11.862652Z,win-x86_64-client,19041.1.amd64fre.vb_release.191206-1406 (Windows 10 Pro),/orgs/1/vens/5addb2ce-59c6-459b-8568-b040587f76fe,22.2.0-8960,84,illumio-pce-11.talabs.net,,,,NA,,
Win-endpoint-8,,,Users,Administrators,Endpoints,Windows,Workstations,TRUE,eth32769:172.16.3.104/24,172.16.3.9,,172.16.3.104,255.255.255.0,172.16.3.1,172.16.3.0/24,,,visibility_only,blocked_allowed,TRUE,active,NA,syncing,2023-01-31T19:49:23.679371Z,2023-01-31T19:49:23.679371Z,2023-01-31T19:49:23.679371Z,2023-01-31T19:49:23.548185Z,0.010373,2023-01-05T00:50:13.207505Z,win-x86_64-client,19041.1.amd64fre.vb_release.191206-1406 (Windows 10 Pro),/orgs/1/vens/9871d852-479f-475c-9d56-9b684ebce13c,22.2.0-8960,85,illumio-pce-11.talabs.net,,,,NA,,
Win-endpoint-9,,,Users,Laptops,Endpoints,Windows,Workstations,TRUE,eth32769:172.16.3.105/24,172.16.3.9,,172.16.3.105,255.255.255.0,172.16.3.1,172.16.3.0/24,,,visibility_only,blocked_allowed,TRUE,active,NA,applied,2023-01-31T19:49:23.949803Z,2023-01-31T19:49:23.949803Z,2023-01-31T19:49:23.949803Z,2023-01-31T19:49:23.795685Z,0.010304,2023-01-05T00:50:14.605480Z,win-x86_64-client,19041.1.amd64fre.vb_release.191206-1406 (Windows 10 Pro),/orgs/1/vens/9004c00a-971e-4444-b67e-17ced8eed0e8,22.2.0-8960,86,illumio-pce-11.talabs.net,,,,NA,,
Win-endpoint-10,,,Users,Laptops,Endpoints,Windows,Workstations,TRUE,eth32769:172.16.3.106/24,172.16.3.9,,172.16.3.106,255.255.255.0,172.16.3.1,172.16.3.0/24,,,visibility_only,blocked_allowed,TRUE,active,NA,applied,2023-01-31T19:49:24.220686Z,2023-01-31T19:49:24.220686Z,2023-01-31T19:49:24.220686Z,2023-01-31T19:49:24.012186Z,0.010244,2023-01-05T00:50:16.033515Z,win-x86_64-client,19041.1.amd64fre.vb_release.191206-1406 (Windows 10 Pro),/orgs/1/vens/73f0c118-50af-4eab-8463-9958364177a5,22.2.0-8960,87,illumio-pce-11.talabs.net,,,,NA,,
Mac-endpoint-1,,/orgs/1/workloads/4d956b42-d4b0-44fa-b160-99becc922ea2,Users,Laptops,Endpoints,,Workstations,TRUE,eth32769:172.16.3.107/24,172.16.3.9,,172.16.3.107,255.255.255.0,172.16.3.1,172.16.3.0/24,,,visibility_only,blocked_allowed,TRUE,active,NA,applied,2023-01-31T19:49:24.416643Z,2023-01-31T19:49:24.416643Z,2023-01-31T19:49:24.416643Z,2023-01-31T19:49:24.263808Z,0.010174,2023-01-05T00:50:17.349762Z,macOS-universal-catalina,21.6.0 root:xnu-8020.141.5~2/RELEASE_ARM64_T6000 (macOS 12.5.1 Monterey),/orgs/1/vens/4d956b42-d4b0-44fa-b160-99becc922ea2,22.2.0-8960,88,illumio-pce-11.talabs.net,,,,NA,,
Mac-endpoint-2,,/orgs/1/workloads/78695500-d46c-4bc0-b0e4-43473c5c9ae8,Users,Laptops,Endpoints,,Workstations,TRUE,eth32769:172.16.3.108/24,172.16.3.9,,172.16.3.108,255.255.255.0,172.16.3.1,172.16.3.0/24,,,visibility_only,blocked_allowed,TRUE,active,NA,applied,2023-01-31T19:49:24.645743Z,2023-01-31T19:49:24.645743Z,2023-01-31T19:49:24.645743Z,2023-01-31T19:49:24.465341Z,0.010118,2023-01-05T00:50:18.478113Z,macOS-universal-catalina,21.6.0 root:xnu-8020.141.5~2/RELEASE_ARM64_T6000 (macOS 12.5.1 Monterey),/orgs/1/vens/78695500-d46c-4bc0-b0e4-43473c5c9ae8,22.2.0-8960,89,illumio-pce-11.talabs.net,,,,NA,,
itprodtxadmindesk1,,/orgs/1/workloads/1842b491-44bc-4821-b0b3-c2f3f731ae68,IT,Prod,TX,,AdminDesk,TRUE,eth0:172.16.3.21/24,172.16.3.9,,172.16.3.21,255.255.255.0,172.16.3.1,172.16.3.0/24,,,visibility_only,blocked_allowed,TRUE,active,NA,applied,2023-01-31T19:49:10.655817Z,2023-01-31T19:49:10.655817Z,2023-01-31T19:49:10.655817Z,2023-01-31T19:49:10.446363Z,0.014013,2023-01-05T00:49:04.018452Z,centos-x86_64-7.0,3.10.0-1160.80.1.el7.x86_64 #1 SMP Tue Nov 8 15:48:59 UTC 2022 (CentOS Linux release 7.9.2009 (Core)),/orgs/1/vens/1842b491-44bc-4821-b0b3-c2f3f731ae68,22.2.0-8960,30,illumio-pce-11.talabs.net,,,,NA,,
itprodtxadmindesk2,,/orgs/1/workloads/7efb8fee-3394-4fa4-a3d3-3ebfc312b5c4,IT,Prod,TX,,AdminDesk,TRUE,eth0:172.16.3.22/24,172.16.3.9,,172.16.3.22,255.255.255.0,172.16.3.1,172.16.3.0/24,,,visibility_only,blocked_allowed,TRUE,active,NA,applied,2023-01-31T19:49:10.918940Z,2023-01-31T19:49:10.918940Z,2023-01-31T19:49:10.918940Z,2023-01-31T19:49:10.733428Z,0.013933,2023-01-05T00:49:07.088969Z,centos-x86_64-7.0,3.10.0-1160.80.1.el7.x86_64 #1 SMP Tue Nov 8 15:48:59 UTC 2022 (CentOS Linux release 7.9.2009 (Core)),/orgs/1/vens/7efb8fee-3394-4fa4-a3d3-3ebfc312b5c4,22.2.0-8960,31,illumio-pce-11.talabs.net,,,,NA,,
pospcifrankfurtweb1,,/orgs/1/workloads/c9178873-5917-4bbb-b767-93f3948de5a6,POS,PCI,Frankfurt,,Web,TRUE,eth0:172.16.3.34/24,172.16.3.9,,172.16.3.34,255.255.255.0,172.16.3.1,172.16.3.0/24,,,visibility_only,blocked_allowed,TRUE,active,NA,applied,2023-01-31T19:49:14.206650Z,2023-01-31T19:49:14.206650Z,2023-01-31T19:49:14.206650Z,2023-01-31T19:49:14.034285Z,0.013016,2023-01-05T00:49:23.034849Z,centos-x86_64-7.0,3.10.0-1160.80.1.el7.x86_64 #1 SMP Tue Nov 8 15:48:59 UTC 2022 (CentOS Linux release 7.9.2009 (Core)),/orgs/1/vens/c9178873-5917-4bbb-b767-93f3948de5a6,22.2.0-8960,43,illumio-pce-11.talabs.net,,,,NA,,
crmprodcadb1,,/orgs/1/workloads/5e3de979-eb6b-4540-aa8f-b78365864b56,CRM,Prod,CA,,DB,TRUE,eth0:172.16.3.45/24,172.16.3.9,,172.16.3.45,255.255.255.0,172.16.3.1,172.16.3.0/24,,,visibility_only,blocked_allowed,TRUE,active,NA,applied,2023-01-31T19:49:17.166120Z,2023-01-31T19:49:17.166120Z,2023-01-31T19:49:17.166120Z,2023-01-31T19:49:16.988592Z,0.012195,2023-01-05T00:49:36.091796Z,centos-x86_64-7.0,3.10.0-1160.80.1.el7.x86_64 #1 SMP Tue Nov 8 15:48:59 UTC 2022 (CentOS Linux release 7.9.2009 (Core)),/orgs/1/vens/5e3de979-eb6b-4540-aa8f-b78365864b56,22.2.0-8960,54,illumio-pce-11.talabs.net,,,,NA,,
itprodcajump2,,/orgs/1/workloads/0908de5d-4800-4da8-98b5-190e3078e66c,IT,Prod,CA,,Jump,TRUE,eth32769:172.16.3.64/24,172.16.3.9,,172.16.3.64,255.255.255.0,172.16.3.1,172.16.3.0/24,,,visibility_only,blocked_allowed,TRUE,active,NA,applied,2023-01-31T19:49:21.524276Z,2023-01-31T19:49:21.524276Z,2023-01-31T19:49:21.524276Z,2023-01-31T19:49:21.384433Z,0.010974,2023-01-05T00:49:58.583497Z,win-x86_64-server,17763.1.amd64fre.rs5_release.180914-1434 (Windows Server 2019 Standard),/orgs/1/vens/0908de5d-4800-4da8-98b5-190e3078e66c,22.2.0-8960,73,illumio-pce-11.talabs.net,,,,NA,,
erpprodcaweb1,,/orgs/1/workloads/64e4e14a-6c5b-4b83-8d80-8b1483cd7e6b,ERP,Prod,CA,,Web,TRUE,eth32769:172.16.3.65/24,172.16.3.9,,172.16.3.65,255.255.255.0,172.16.3.1,172.16.3.0/24,,,visibility_only,blocked_allowed,TRUE,active,NA,applied,2023-01-31T19:49:21.725308Z,2023-01-31T19:49:21.725308Z,2023-01-31T19:49:21.725308Z,2023-01-31T19:49:21.568664Z,0.010923,2023-01-05T00:49:59.870201Z,win-x86_64-server,17763.1.amd64fre.rs5_release.180914-1434 (Windows Server 2019 Standard),/orgs/1/vens/64e4e14a-6c5b-4b83-8d80-8b1483cd7e6b,22.2.0-8960,74,illumio-pce-11.talabs.net,,,,NA,,
erpprodcaweb2,,/orgs/1/workloads/2403104b-9bd1-4501-8dee-75904edd0ba6,ERP,Prod,CA,,Web,TRUE,eth32769:172.16.3.66/24,172.16.3.9,,172.16.3.66,255.255.255.0,172.16.3.1,172.16.3.0/24,,,visibility_only,blocked_allowed,TRUE,active,NA,applied,2023-01-31T19:49:21.908887Z,2023-01-31T19:49:21.908887Z,2023-01-31T19:49:21.908887Z,2023-01-31T19:49:21.773583Z,0.010866,2023-01-05T00:50:01.158920Z,win-x86_64-server,17763.1.amd64fre.rs5_release.180914-1434 (Windows Server 2019 Standard),/orgs/1/vens/2403104b-9bd1-4501-8dee-75904edd0ba6,22.2.0-8960,75,illumio-pce-11.talabs.net,,,,NA,,
erpprodcadb1,,/orgs/1/workloads/5c823de8-3a27-4437-9874-78eec4f1bfd8,ERP,Prod,CA,,DB,TRUE,eth32769:172.16.3.67/24,172.16.3.9,,172.16.3.67,255.255.255.0,172.16.3.1,172.16.3.0/24,,,visibility_only,blocked_allowed,TRUE,active,NA,applied,2023-01-31T19:49:22.078668Z,2023-01-31T19:49:22.078668Z,2023-01-31T19:49:22.078668Z,2023-01-31T19:49:21.948278Z,0.010818,2023-01-05T00:50:02.401831Z,win-x86_64-server,17763.1.amd64fre.rs5_release.180914-1434 (Windows Server 2019 Standard),/orgs/1/vens/5c823de8-3a27-4437-9874-78eec4f1bfd8,22.2.0-8960,76,illumio-pce-11.talabs.net,,,,NA,,
erpprodcadb2,,/orgs/1/workloads/de49666f-6035-46c4-8b9e-33b1e373be08,ERP,Prod,CA,,DB,TRUE,eth32769:172.16.3.68/24,172.16.3.9,,172.16.3.68,255.255.255.0,172.16.3.1,172.16.3.0/24,,,visibility_only,blocked_allowed,TRUE,active,NA,applied,2023-01-31T19:49:22.242169Z,2023-01-31T19:49:22.242169Z,2023-01-31T19:49:22.242169Z,2023-01-31T19:49:22.115419Z,0.010771,2023-01-05T00:50:03.539602Z,win-x86_64-server,17763.1.amd64fre.rs5_release.180914-1434 (Windows Server 2019 Standard),/orgs/1/vens/de49666f-6035-46c4-8b9e-33b1e373be08,22.2.0-8960,77,illumio-pce-11.talabs.net,,,,NA,,
Win-endpoint-1,,,Users,VDI,Endpoints,Windows,Workstations,TRUE,eth32769:172.16.3.97/24,172.16.3.9,,172.16.3.97,255.255.255.0,172.16.3.1,172.16.3.0/24,,,visibility_only,blocked_allowed,TRUE,active,NA,syncing,2023-01-31T19:49:22.401706Z,2023-01-31T19:49:22.401706Z,2023-01-31T19:49:22.401706Z,2023-01-31T19:49:22.278718Z,0.010726,2023-01-05T00:50:04.697390Z,win-x86_64-client,19041.1.amd64fre.vb_release.191206-1406 (Windows 10 Pro),/orgs/1/vens/a5a04cdc-01d6-48d0-9bb0-f8ef33edafc9,22.2.0-8960,78,illumio-pce-11.talabs.net,,,,NA,,
Win-endpoint-2,,,Users,VDI,Endpoints,Windows,Workstations,TRUE,eth32769:172.16.3.98/24,172.16.3.9,,172.16.3.98,255.255.255.0,172.16.3.1,172.16.3.0/24,,,visibility_only,blocked_allowed,TRUE,active,NA,syncing,2023-01-31T19:49:22.585268Z,2023-01-31T19:49:22.585268Z,2023-01-31T19:49:22.585268Z,2023-01-31T19:49:22.445362Z,0.01068,2023-01-05T00:50:05.879421Z,win-x86_64-client,19041.1.amd64fre.vb_release.191206-1406 (Windows 10 Pro),/orgs/1/vens/0fb4a24a-0bcc-4f1f-bcd5-3f826f577b41,22.2.0-8960,79,illumio-pce-11.talabs.net,,,,NA,,
Mac-endpoint-3,,/orgs/1/workloads/ea928f74-6ca3-4137-a7dd-05f320e64329,Users,Laptops,Endpoints,,Workstations,TRUE,eth32769:172.16.3.109/24,172.16.3.9,,172.16.3.109,255.255.255.0,172.16.3.1,172.16.3.0/24,,,visibility_only,blocked_allowed,TRUE,active,NA,applied,2023-01-31T19:49:24.884624Z,2023-01-31T19:49:24.884624Z,2023-01-31T19:49:24.884624Z,2023-01-31T19:49:24.722269Z,0.010047,2023-01-05T00:50:19.551505Z,macOS-universal-catalina,21.6.0 root:xnu-8020.141.5~2/RELEASE_ARM64_T6000 (macOS 12.5.1 Monterey),/orgs/1/vens/ea928f74-6ca3-4137-a7dd-05f320e64329,22.2.0-8960,90,illumio-pce-11.talabs.net,,,,NA,,
Mac-endpoint-4,,/orgs/1/workloads/0d3f9032-490b-4098-a6bb-319bbaf86707,Users,Laptops,Endpoints,,Workstations,TRUE,eth32769:172.16.3.110/24,172.16.3.9,,172.16.3.110,255.255.255.0,172.16.3.1,172.16.3.0/24,,,visibility_only,blocked_allowed,TRUE,active,NA,applied,2023-01-31T19:49:25.146581Z,2023-01-31T19:49:25.146581Z,2023-01-31T19:49:25.146581Z,2023-01-31T19:49:24.934452Z,0.009988,2023-01-05T00:50:20.665261Z,macOS-universal-catalina,21.6.0 root:xnu-8020.141.5~2/RELEASE_ARM64_T6000 (macOS 12.5.1 Monterey),/orgs/1/vens/0d3f9032-490b-4098-a6bb-319bbaf86707,22.2.0-8960,91,illumio-pce-11.talabs.net,,,,NA,,
Mac-endpoint-5,,/orgs/1/workloads/c594f86c-6e8b-46f4-b689-f0d4645bf24d,Users,Laptops,Endpoints,,Workstations,TRUE,eth32769:172.16.3.111/24,172.16.3.9,,172.16.3.111,255.255.255.0,172.16.3.1,172.16.3.0/24,,,visibility_only,blocked_allowed,TRUE,active,NA,applied,2023-01-31T19:49:25.441528Z,2023-01-31T19:49:25.441528Z,2023-01-31T19:49:25.441528Z,2023-01-31T19:49:25.203830Z,0.009913,2023-01-05T00:50:21.813908Z,macOS-universal-catalina,21.6.0 root:xnu-8020.141.5~2/RELEASE_ARM64_T6000 (macOS 12.5.1 Monterey),/orgs/1/vens/c594f86c-6e8b-46f4-b689-f0d4645bf24d,22.2.0-8960,92,illumio-pce-11.talabs.net,,,,NA,,
Mac-endpoint-6,,/orgs/1/workloads/137b6884-e632-4777-8eae-4b3eb2288d79,Users,Laptops,Endpoints,,Workstations,TRUE,eth32769:172.16.3.112/24,172.16.3.9,,172.16.3.112,255.255.255.0,172.16.3.1,172.16.3.0/24,,,visibility_only,blocked_allowed,TRUE,active,NA,applied,2023-01-31T19:49:25.669312Z,2023-01-31T19:49:25.669312Z,2023-01-31T19:49:25.669312Z,2023-01-31T19:49:25.508573Z,0.009829,2023-01-05T00:50:22.946253Z,macOS-universal-catalina,21.6.0 root:xnu-8020.141.5~2/RELEASE_ARM64_T6000 (macOS 12.5.1 Monterey),/orgs/1/vens/137b6884-e632-4777-8eae-4b3eb2288d79,22.2.0-8960,93,illumio-pce-11.talabs.net,,,,NA,,
devicesotcasensor1,,/orgs/1/workloads/a531ec57-c676-45e7-bffd-24c6529cc1a5,Devices,OT,CA,,SENSOR,FALSE,umwl:172.16.3.87/24,172.16.3.87,,NA,NA,NA,NA,,,unmanaged,unmanaged,TRUE,unmanaged,unmanaged,unmanaged,unmanaged,unmanaged,unmanaged,unmanaged,unmanaged,2023-01-05T00:48:55.425957Z,,,unmanaged,unmanaged,unmanaged,unmanaged,,,,unmanaged,,
devicesiotcaipcamera1,,/orgs/1/workloads/cda67098-6d6d-44a9-890a-492d68384c51,Devices,IoT,CA,,IPCamera,FALSE,umwl:172.16.3.92/24,172.16.3.92,,NA,NA,NA,NA,,,unmanaged,unmanaged,TRUE,unmanaged,unmanaged,unmanaged,unmanaged,unmanaged,unmanaged,unmanaged,unmanaged,2023-01-05T00:48:56.883633Z,,,unmanaged,unmanaged,unmanaged,unmanaged,,,,unmanaged,,
devicesiotcaipcamera2,,/orgs/1/workloads/da2180cf-be48-43c2-9e3a-4c6de34cc562,Devices,IoT,CA,,IPCamera,FALSE,umwl:172.16.3.93/24,172.16.3.93,,NA,NA,NA,NA,,,unmanaged,unmanaged,TRUE,unmanaged,unmanaged,unmanaged,unmanaged,unmanaged,unmanaged,unmanaged,unmanaged,2023-01-05T00:48:57.163254Z,,,unmanaged,unmanaged,unmanaged,unmanaged,,,,unmanaged,,
devicesiotcaipcamera3,,/orgs/1/workloads/7d9cac8b-c7b4-47c3-95f7-648d48633feb,Devices,IoT,CA,,IPCamera,FALSE,umwl:172.16.3.94/24,172.16.3.94,,NA,NA,NA,NA,,,unmanaged,unmanaged,TRUE,unmanaged,unmanaged,unmanaged,unmanaged,unmanaged,unmanaged,unmanaged,unmanaged,2023-01-05T00:48:57.450412Z,,,unmanaged,unmanaged,unmanaged,unmanaged,,,,unmanaged,,
devicesiotfrankfurtipcamera2,,/orgs/1/workloads/1fdcb851-3655-4f43-8c33-854431b3105f,Devices,IoT,Frankfurt,,IPCamera,FALSE,umwl:172.16.3.78/24,172.16.3.78,,NA,NA,NA,NA,,,unmanaged,unmanaged,TRUE,unmanaged,unmanaged,unmanaged,unmanaged,unmanaged,unmanaged,unmanaged,unmanaged,2023-01-05T00:48:52.828779Z,,,unmanaged,unmanaged,unmanaged,unmanaged,,,,unmanaged,,
devicesotcaplc3,,/orgs/1/workloads/4b2f8880-ad1a-47d9-a3de-e3497abe6efe,Devices,OT,CA,,PLC,FALSE,umwl:172.16.3.84/24,172.16.3.84,,NA,NA,NA,NA,,,unmanaged,unmanaged,TRUE,unmanaged,unmanaged,unmanaged,unmanaged,unmanaged,unmanaged,unmanaged,unmanaged,2023-01-05T00:48:54.539107Z,,,unmanaged,unmanaged,unmanaged,unmanaged,,,,unmanaged,,
devicesiotfrankfurtipcamera3,,/orgs/1/workloads/6490ba46-f1e2-4fc2-9dd2-b8b5a5f1e496,Devices,IoT,Frankfurt,,IPCamera,FALSE,umwl:172.16.3.79/24,172.16.3.79,,NA,NA,NA,NA,,,unmanaged,unmanaged,TRUE,unmanaged,unmanaged,unmanaged,unmanaged,unmanaged,unmanaged,unmanaged,unmanaged,2023-01-05T00:48:53.099828Z,,,unmanaged,unmanaged,unmanaged,unmanaged,,,,unmanaged,,
devicesiotfrankfurtipcamera1,,/orgs/1/workloads/40691b1e-ed23-4cda-8a19-52126fa12857,Devices,IoT,Frankfurt,,IPCamera,FALSE,umwl:172.16.3.77/24,172.16.3.77,,NA,NA,NA,NA,,,unmanaged,unmanaged,TRUE,unmanaged,unmanaged,unmanaged,unmanaged,unmanaged,unmanaged,unmanaged,unmanaged,2023-01-05T00:48:52.524838Z,,,unmanaged,unmanaged,unmanaged,unmanaged,,,,unmanaged,,
devicesotcaplc4,,/orgs/1/workloads/28bb35b3-a446-422a-8da7-399594adf26b,Devices,OT,CA,,PLC,FALSE,umwl:172.16.3.85/24,172.16.3.85,,NA,NA,NA,NA,,,unmanaged,unmanaged,TRUE,unmanaged,unmanaged,unmanaged,unmanaged,unmanaged,unmanaged,unmanaged,unmanaged,2023-01-05T00:48:54.826977Z,,,unmanaged,unmanaged,unmanaged,unmanaged,,,,unmanaged,,
devicespcicaterm1,,/orgs/1/workloads/bcaba710-1763-4da5-81bb-8c3129f8ec22,Devices,PCI,CA,,Term,FALSE,umwl:172.16.3.69/24,172.16.3.69,,NA,NA,NA,NA,,,unmanaged,unmanaged,TRUE,unmanaged,unmanaged,unmanaged,unmanaged,unmanaged,unmanaged,unmanaged,unmanaged,2023-01-05T00:48:50.531359Z,,,unmanaged,unmanaged,unmanaged,unmanaged,,,,unmanaged,,
devicesotcaplc1,,/orgs/1/workloads/b2daaa31-3711-482e-a079-75631cd8d631,Devices,OT,CA,,PLC,FALSE,umwl:172.16.3.82/24,172.16.3.82,,NA,NA,NA,NA,,,unmanaged,unmanaged,TRUE,unmanaged,unmanaged,unmanaged,unmanaged,unmanaged,unmanaged,unmanaged,unmanaged,2023-01-05T00:48:53.955111Z,,,unmanaged,unmanaged,unmanaged,unmanaged,,,,unmanaged,,
devicesiotfrankfurtsmartdevice1,,/orgs/1/workloads/ad602be8-429c-41d5-80f7-7e3b15ddc64a,Devices,IoT,Frankfurt,,SmartDevice,FALSE,umwl:172.16.3.80/24,172.16.3.80,,NA,NA,NA,NA,,,unmanaged,unmanaged,TRUE,unmanaged,unmanaged,unmanaged,unmanaged,unmanaged,unmanaged,unmanaged,unmanaged,2023-01-05T00:48:53.390032Z,,,unmanaged,unmanaged,unmanaged,unmanaged,,,,unmanaged,,
devicesiomtcamri1,,/orgs/1/workloads/bd4e3aab-f956-4dc8-aa81-7aa229540594,Devices,IoMT,CA,,MRI,FALSE,umwl:172.16.3.88/24,172.16.3.88,,NA,NA,NA,NA,,,unmanaged,unmanaged,TRUE,unmanaged,unmanaged,unmanaged,unmanaged,unmanaged,unmanaged,unmanaged,unmanaged,2023-01-05T00:48:55.743609Z,,,unmanaged,unmanaged,unmanaged,unmanaged,,,,unmanaged,,
devicesotfrankfurtscada1,,/orgs/1/workloads/ae8d5aa7-f3ed-4488-b59d-c996da538e9f,Devices,OT,Frankfurt,,SCADA,FALSE,umwl:172.16.3.72/24,172.16.3.72,,NA,NA,NA,NA,,,unmanaged,unmanaged,TRUE,unmanaged,unmanaged,unmanaged,unmanaged,unmanaged,unmanaged,unmanaged,unmanaged,2023-01-05T00:48:51.339433Z,,,unmanaged,unmanaged,unmanaged,unmanaged,,,,unmanaged,,
devicesotcascada1,,/orgs/1/workloads/96e4469e-cf60-40ed-a6fe-35c002898a64,Devices,OT,CA,,SCADA,FALSE,umwl:172.16.3.86/24,172.16.3.86,,NA,NA,NA,NA,,,unmanaged,unmanaged,TRUE,unmanaged,unmanaged,unmanaged,unmanaged,unmanaged,unmanaged,unmanaged,unmanaged,2023-01-05T00:48:55.112247Z,,,unmanaged,unmanaged,unmanaged,unmanaged,,,,unmanaged,,
devicesiomtcacardiacct1,,/orgs/1/workloads/ee96ae30-a744-44e6-b0e1-48f3b2f9cba4,Devices,IoMT,CA,,CardiacCT,FALSE,umwl:172.16.3.91/24,172.16.3.91,,NA,NA,NA,NA,,,unmanaged,unmanaged,TRUE,unmanaged,unmanaged,unmanaged,unmanaged,unmanaged,unmanaged,unmanaged,unmanaged,2023-01-05T00:48:56.590056Z,,,unmanaged,unmanaged,unmanaged,unmanaged,,,,unmanaged,,
devicesiomtfrankfurtlinac1,,/orgs/1/workloads/bbedebd7-07af-4fce-b3b6-c2f65d0e0e03,Devices,IoMT,Frankfurt,,LINAC,FALSE,umwl:172.16.3.75/24,172.16.3.75,,NA,NA,NA,NA,,,unmanaged,unmanaged,TRUE,unmanaged,unmanaged,unmanaged,unmanaged,unmanaged,unmanaged,unmanaged,unmanaged,2023-01-05T00:48:52.011034Z,,,unmanaged,unmanaged,unmanaged,unmanaged,,,,unmanaged,,
devicesiotcasmartdevice1,,/orgs/1/workloads/a40c1948-f745-43c8-a88f-7e5159f87b6a,Devices,IoT,CA,,SmartDevice,FALSE,umwl:172.16.3.95/24,172.16.3.95,,NA,NA,NA,NA,,,unmanaged,unmanaged,TRUE,unmanaged,unmanaged,unmanaged,unmanaged,unmanaged,unmanaged,unmanaged,unmanaged,2023-01-05T00:48:57.733915Z,,,unmanaged,unmanaged,unmanaged,unmanaged,,,,unmanaged,,
devicesotfrankfurtsensor1,,/orgs/1/workloads/0dde3b47-84d1-400a-8028-dc85a187116f,Devices,OT,Frankfurt,,SENSOR,FALSE,umwl:172.16.3.73/24,172.16.3.73,,NA,NA,NA,NA,,,unmanaged,unmanaged,TRUE,unmanaged,unmanaged,unmanaged,unmanaged,unmanaged,unmanaged,unmanaged,unmanaged,2023-01-05T00:48:51.555627Z,,,unmanaged,unmanaged,unmanaged,unmanaged,,,,unmanaged,,
devicesiotcascanner1,,/orgs/1/workloads/d7df61cd-a9e5-4926-9f09-683c6f0f9be5,Devices,IoT,CA,,Scanner,FALSE,umwl:172.16.3.96/24,172.16.3.96,,NA,NA,NA,NA,,,unmanaged,unmanaged,TRUE,unmanaged,unmanaged,unmanaged,unmanaged,unmanaged,unmanaged,unmanaged,unmanaged,2023-01-05T00:48:58.049980Z,,,unmanaged,unmanaged,unmanaged,unmanaged,,,,unmanaged,,
devicesotcaplc2,,/orgs/1/workloads/dc3e89e2-983c-4fc4-b335-96d237bff8dc,Devices,OT,CA,,PLC,FALSE,umwl:172.16.3.83/24,172.16.3.83,,NA,NA,NA,NA,,,unmanaged,unmanaged,TRUE,unmanaged,unmanaged,unmanaged,unmanaged,unmanaged,unmanaged,unmanaged,unmanaged,2023-01-05T00:48:54.242077Z,,,unmanaged,unmanaged,unmanaged,unmanaged,,,,unmanaged,,
devicesotfrankfurtplc1,,/orgs/1/workloads/814e868d-ce7d-47d3-b6f5-be107f3ac904,Devices,OT,Frankfurt,,PLC,FALSE,umwl:172.16.3.71/24,172.16.3.71,,NA,NA,NA,NA,,,unmanaged,unmanaged,TRUE,unmanaged,unmanaged,unmanaged,unmanaged,unmanaged,unmanaged,unmanaged,unmanaged,2023-01-05T00:48:51.092822Z,,,unmanaged,unmanaged,unmanaged,unmanaged,,,,unmanaged,,
devicesiomtcalinac1,,/orgs/1/workloads/ea25be15-dbfe-4079-8d61-e42a2824684b,Devices,IoMT,CA,,LINAC,FALSE,umwl:172.16.3.90/24,172.16.3.90,,NA,NA,NA,NA,,,unmanaged,unmanaged,TRUE,unmanaged,unmanaged,unmanaged,unmanaged,unmanaged,unmanaged,unmanaged,unmanaged,2023-01-05T00:48:56.294411Z,,,unmanaged,unmanaged,unmanaged,unmanaged,,,,unmanaged,,
adc,,/orgs/1/workloads/41601793-5aa5-4456-91e6-a85a413adedc,CoreSvcs,Prod,CA,,DC,FALSE,umwl:172.16.3.9/24,172.16.3.9,,NA,NA,NA,NA,,,unmanaged,unmanaged,TRUE,unmanaged,unmanaged,unmanaged,unmanaged,unmanaged,unmanaged,unmanaged,unmanaged,2023-01-05T00:48:49.932053Z,,,unmanaged,unmanaged,unmanaged,unmanaged,,,,unmanaged,,
devicesiomtcamri2,,/orgs/1/workloads/c02e3ec5-aef7-4643-a68e-ed82de2ea779,Devices,IoMT,CA,,MRI,FALSE,umwl:172.16.3.89/24,172.16.3.89,,NA,NA,NA,NA,,,unmanaged,unmanaged,TRUE,unmanaged,unmanaged,unmanaged,unmanaged,unmanaged,unmanaged,unmanaged,unmanaged,2023-01-05T00:48:56.018449Z,,,unmanaged,unmanaged,unmanaged,unmanaged,,,,unmanaged,,
devicespcicaterm2,,/orgs/1/workloads/07ee408b-6ef7-482c-a6da-b0efefdef40c,Devices,PCI,CA,,Term,FALSE,umwl:172.16.3.70/24,172.16.3.70,,NA,NA,NA,NA,,,unmanaged,unmanaged,TRUE,unmanaged,unmanaged,unmanaged,unmanaged,unmanaged,unmanaged,unmanaged,unmanaged,2023-01-05T00:48:50.787667Z,,,unmanaged,unmanaged,unmanaged,unmanaged,,,,unmanaged,,
devicesiotfrankfurtscanner1,,/orgs/1/workloads/4722f509-e3c7-4347-9ca6-b16d88192909,Devices,IoT,Frankfurt,,Scanner,FALSE,umwl:172.16.3.81/24,172.16.3.81,,NA,NA,NA,NA,,,unmanaged,unmanaged,TRUE,unmanaged,unmanaged,unmanaged,unmanaged,unmanaged,unmanaged,unmanaged,unmanaged,2023-01-05T00:48:53.684587Z,,,unmanaged,unmanaged,unmanaged,unmanaged,,,,unmanaged,,
devicesiomtfrankfurtcardiacct1,,/orgs/1/workloads/cd81ab93-833e-4250-befd-4da8999fa0e0,Devices,IoMT,Frankfurt,,CardiacCT,FALSE,umwl:172.16.3.76/24,172.16.3.76,,NA,NA,NA,NA,,,unmanaged,unmanaged,TRUE,unmanaged,unmanaged,unmanaged,unmanaged,unmanaged,unmanaged,unmanaged,unmanaged,2023-01-05T00:48:52.249113Z,,,unmanaged,unmanaged,unmanaged,unmanaged,,,,unmanaged,,
devicesiomtfrankfurtmri1,,/orgs/1/workloads/df524935-a2df-462e-a757-23b0fccaa611,Devices,IoMT,Frankfurt,,MRI,FALSE,umwl:172.16.3.74/24,172.16.3.74,,NA,NA,NA,NA,,,unmanaged,unmanaged,TRUE,unmanaged,unmanaged,unmanaged,unmanaged,unmanaged,unmanaged,unmanaged,unmanaged,2023-01-05T00:48:51.791002Z,,,unmanaged,unmanaged,unmanaged,unmanaged,,,,unmanaged,,